GPS,Epoch Time,x,y,z
GPS01,2009-06-30,1651444.5000751552,-15983220.471486546,21103014.714892536
GPS01,2009-06-30 01:59:44,-5229382.523393439,-20340832.115871456,16250430.532028632
GPS01,2009-06-30 02:00:00,-6706525.930609624,-21395073.30840965,14246300.248593085
GPS01,2009-06-30 03:59:44,3187813.2737545203,19260750.54390334,-18030493.048258062
GPS01,2009-06-30 06:00:00,-12977449.582345711,-23232881.34136148,510862.0541804161
GPS01,2009-06-30 08:00:00,-5040282.497766352,8616248.72263971,-24683046.44506021
GPS01,2009-06-30 10:00:00,-15093844.870155513,-5578910.829589051,-21250055.090751324
GPS01,2009-06-30 12:00:00,19052590.81568079,17743475.07052611,4885484.446443217
GPS01,2009-06-30 14:00:00,-13418044.05090485,4357549.7992276065,-22603494.4803792
GPS01,2009-06-30 16:00:00,12133859.086575143,-5798290.1540242145,22814633.69084299
GPS01,2009-06-30 18:00:00,-17760921.84739188,-12442969.552827045,-15497432.074480815
GPS01,2009-06-30 20:00:00,18039127.421030693,16271096.211618423,10528885.707800932
GPS01,2009-06-30 22:00:00,13406786.062216787,22043518.499333225,-6155493.474125031
GPS01,2009-06-30 23:59:44,-5323420.0248651,-17532231.37440098,19202652.593360994
GPS02,2009-06-30,20189411.745946776,-14449274.9655781,-10066562.36629812
GPS02,2009-06-30 02:00:00,-19725998.371406715,1719109.5816011583,17468700.952722833
GPS02,2009-06-30 04:00:00,18538619.053510223,-14937666.898237046,-12271980.82214588
GPS02,2009-06-30 06:00:00,5332633.499101965,16318834.502122851,-20230805.466259334
GPS02,2009-06-30 07:59:44,19042006.367514744,-7367609.182387323,-17300354.38417664
GPS02,2009-06-30 08:00:00,15610333.020422198,-21733854.69357044,1219851.793279827
GPS02,2009-06-30 09:59:44,19367962.068753943,-15343128.685862591,-10369758.452250674
GPS02,2009-06-30 12:00:00,-7615895.978350472,-17585180.127626687,18456289.28611618
GPS02,2009-06-30 14:00:00,-12250459.74392817,-9569532.828718517,21489735.33449509
GPS02,2009-06-30 16:00:00,16141749.389293103,-10862600.633511765,-18357614.056858838
GPS02,2009-06-30 18:00:00,-13363568.606226088,21791240.59689489,6269748.967786469
GPS02,2009-06-30 20:00:00,9230124.048664665,-24923852.025136624,3250228.4400974717
GPS02,2009-06-30 22:00:00,-10995256.019790083,23597979.781409476,-4080318.75626032
GPS03,2009-06-30,24485998.007519804,9086892.01493763,3187460.1450432376
GPS03,2009-06-30 02:00:00,-25677391.88752026,-7106778.853998412,2076767.917597658
GPS03,2009-06-30 04:00:00,24501400.3958862,8753523.044895751,-4641598.076258912
GPS03,2009-06-30 05:59:44,-24949109.68084402,-8483081.93157116,4284698.832474194
GPS03,2009-06-30 06:00:00,16657173.659527287,-10299110.24259102,17468290.685689513
GPS03,2009-06-30 08:00:00,-3552249.072233223,18657511.598886613,-18866242.15940375
GPS03,2009-06-30 10:00:00,-12552977.562135516,14721825.169074593,-18598509.218080964
GPS03,2009-06-30 12:00:00,24014098.72151072,10809698.685584927,861176.5226203083
GPS03,2009-06-30 14:00:00,-7486506.002943634,17382093.818115756,-19026199.199353572
GPS03,2009-06-30 15:59:44,-6333833.050826147,-18644947.792633317,17543823.11288789
GPS03,2009-06-30 16:00:00,-26421673.615115914,-3634798.931789676,1760334.822384758
GPS03,2009-06-30 18:00:00,21737071.039207097,12365567.002942456,-8816812.36578282
GPS03,2009-06-30 20:00:00,2683070.9148854064,23839068.23495329,-11680872.188584393
GPS03,2009-06-30 22:00:00,3178410.268640865,-22976031.442889407,12613948.898022674
GPS04,2009-06-30,-7492375.806342504,-16058557.31817137,19536614.886366956
GPS04,2009-06-30 02:00:00,14394622.270264667,-22079581.167311992,-484546.3667078808
GPS04,2009-06-30 04:00:00,-9080540.813372193,23518578.231137924,-9062642.55292283
GPS04,2009-06-30 06:00:00,13966085.780997884,12422547.361127796,-19030749.25635557
GPS04,2009-06-30 08:00:00,7297217.617740165,-24218517.92952024,7332245.1842539385
GPS04,2009-06-30 10:00:00,10621308.90828819,11524108.076685056,-21637407.47689442
GPS04,2009-06-30 12:00:00,15394436.665413547,-15211358.488041036,-15247444.876353186
GPS04,2009-06-30 13:59:44,-11844682.346397648,23806840.724130947,-3141769.298290919
GPS04,2009-06-30 16:00:00,5584735.645188221,-22806119.397383314,11922472.288404305
GPS04,2009-06-30 18:00:00,-18584476.668779388,16346448.33416922,9949383.153675571
GPS04,2009-06-30 20:00:00,3136686.977022175,23562930.809331924,-12343448.12043625
GPS04,2009-06-30 22:00:00,17168624.20094353,-16818927.270367723,-11067724.919649553
GPS06,2009-06-30,-20738650.27906049,-13309483.532955931,10230088.753513774
GPS06,2009-06-30 01:59:44,-23426170.643078115,7795484.955795499,-9650574.202839842
GPS06,2009-06-30 02:00:00,13376897.493261274,-16374457.40695088,16278257.657846393
GPS06,2009-06-30 03:59:44,-25968544.817779344,-4053268.998164164,-3868982.9513690155
GPS06,2009-06-30 06:00:00,17953612.197009806,16655603.856014654,-9976379.54227292
GPS06,2009-06-30 08:00:00,25933054.054945435,-1247430.0512878068,5642514.180847128
GPS06,2009-06-30 10:00:00,15007591.571436053,-15972566.198490709,15197109.891283084
GPS06,2009-06-30 12:00:00,26108490.657194134,-2761351.0757824993,3973127.9343262822
GPS06,2009-06-30 14:00:00,-5558677.945872267,17412699.489784624,-19065282.363824647
GPS06,2009-06-30 16:00:00,19440097.866452347,14176727.842635863,-10959615.35150833
GPS06,2009-06-30 18:00:00,24972773.65871213,-6332182.903292645,6625739.980390031
GPS06,2009-06-30 20:00:00,362064.48147369904,23134923.953084853,-12716833.135244688
GPS06,2009-06-30 22:00:00,15461394.992129922,19201032.194179595,-9505767.510899626
GPS07,2009-06-30,-9193867.062925134,16754277.198428884,-18536148.871968124
GPS07,2009-06-30 02:00:00,8983782.597643942,-20711119.041828774,13859579.47728076
GPS07,2009-06-30 04:00:00,2459182.6088122795,-24781673.176668834,-9062454.390210075
GPS07,2009-06-30 06:00:00,10564755.662657745,-16905159.154312756,17454968.647818588
GPS07,2009-06-30 08:00:00,3971694.118135971,18126562.13261657,19045671.09211786
GPS07,2009-06-30 10:00:00,10423060.843480289,-16846876.332191337,17598084.777814582
GPS07,2009-06-30 12:00:00,-5223536.788682155,26089589.80857778,1101391.4097759682
GPS07,2009-06-30 14:00:00,159756.4181454477,-23890041.30353109,-11487492.730494881
GPS07,2009-06-30 16:00:00,13749185.917080915,-18961319.688912686,12376298.805237018
GPS07,2009-06-30 18:00:00,-10990251.474855537,20192794.35946869,-13439790.4131741
GPS07,2009-06-30 19:59:28,-8883700.149998453,-5882207.630100071,-24338240.27479858
GPS07,2009-06-30 20:00:00,5950713.617698574,14313112.25280575,21588739.50719735
GPS07,2009-06-30 21:59:28,-670302.2992626404,-19339727.255238455,-18139854.68176216
GPS08,2009-06-30,-2262170.059118034,18621980.316409364,-19118338.52166373
GPS08,2009-06-30 01:59:44,3263427.2697596163,-25331504.65600768,-6261865.954356256
GPS08,2009-06-30 02:00:00,2069596.7996674706,-23332174.59891023,-12022781.759620035
GPS08,2009-06-30 03:59:44,-1111864.9158659675,25433251.486096825,-8498889.536279447
GPS08,2009-06-30 06:00:00,-8223241.918736721,-20620006.06889793,-14206601.444321197
GPS08,2009-06-30 08:00:00,-3966341.8975170306,18399947.023517564,-19038301.14380204
GPS08,2009-06-30 10:00:00,5993642.985880885,-13113147.014049472,22103378.397275895
GPS08,2009-06-30 12:00:00,-3640518.0986036723,22829192.790555455,-13591708.053076167
GPS08,2009-06-30 14:00:00,-3146947.324662013,26648463.416272,-665407.7328912243
GPS08,2009-06-30 16:00:00,9788653.995349811,-19313934.62580542,14967875.063882666
GPS08,2009-06-30 18:00:00,10529602.408314683,10782425.994501574,21958314.461767167
GPS08,2009-06-30 19:59:28,-4641839.76671708,-25811450.826680657,1651891.3858558668
GPS08,2009-06-30 20:00:00,-9208155.56508449,-18787644.295840275,-16049074.331289452
GPS08,2009-06-30 21:59:28,-689339.3599196454,-25928676.873853017,4205758.357908617
GPS09,2009-06-30,-2110339.378422061,-12205483.968038097,-24082041.891539935
GPS09,2009-06-30 02:00:00,10198581.110219683,-21687024.44594259,-12095712.20991708
GPS09,2009-06-30 04:00:00,-11129030.433701582,22917369.872419003,6757127.970421907
GPS09,2009-06-30 06:00:00,6367466.225388452,7822338.602438225,23989364.75498256
GPS09,2009-06-30 08:00:00,-11032486.160415808,-1820913.7557615316,-24694694.236857187
GPS09,2009-06-30 10:00:00,3800358.6608475056,26223336.160626587,-1430947.4224772013
GPS09,2009-06-30 12:00:00,-7928204.1397255445,25019943.278568983,3091455.02233781
GPS09,2009-06-30 13:59:44,-10958744.052917633,-6852281.73529245,-23827458.6401024
GPS09,2009-06-30 14:00:00,15832196.718096677,-3881863.642976242,20372241.77605657
GPS09,2009-06-30 15:59:44,-17259827.43429659,10622430.035879709,-17739441.78565781
GPS09,2009-06-30 18:00:00,7371969.805877165,19958970.926472444,15238595.188877886
GPS09,2009-06-30 20:00:00,2435649.5565216956,26392955.198396757,-105572.37100479577
GPS09,2009-06-30 22:00:00,-2257884.387444665,20524386.21739053,-17210805.030065984
GPS10,2009-06-30,10298626.822106622,24377806.271188475,3668385.9514266057
GPS10,2009-06-30 02:00:00,-17890829.2755265,-285871.64670486184,19370711.23811843
GPS10,2009-06-30 04:00:00,-13638265.982695032,10617872.868723886,20014111.540042516
GPS10,2009-06-30 06:00:00,111962.4220430168,-25286936.54602685,-7748802.747828379
GPS10,2009-06-30 08:00:00,19349792.298311617,-1719585.2847415274,-18340711.96794024
GPS10,2009-06-30 10:00:00,-17400915.30426286,-12139735.278921787,15608596.25422162
GPS10,2009-06-30 12:00:00,17581262.865246184,6175150.467904937,-19222208.878420904
GPS10,2009-06-30 14:00:00,5178395.975376724,-15115180.874463277,-21272008.323128816
GPS10,2009-06-30 15:59:44,769031.9986862234,-17702693.59408332,-19781559.70840844
GPS10,2009-06-30 16:00:00,12065134.278335795,1726652.9118021023,-23795413.200384557
GPS10,2009-06-30 18:00:00,-5461129.139533233,-25073247.220793176,-6270359.107871239
GPS10,2009-06-30 20:00:00,-12661074.804957982,-22840561.94277713,3560823.974197787
GPS10,2009-06-30 22:00:00,-12965060.155310977,9021528.724874873,21204590.99645974
GPS11,2009-06-30,23662586.32077478,8028348.504341411,-8767944.751621874
GPS11,2009-06-30 02:00:00,-25649032.26697668,7136338.387502251,-2868691.3945753486
GPS11,2009-06-30 04:00:00,-22152861.19967126,-8200349.249250641,12216120.794229
GPS11,2009-06-30 06:00:00,17415817.469560705,-17945793.710886452,8203265.283617526
GPS11,2009-06-30 08:00:00,-13263612.408937743,-10822424.20210829,20173793.246069383
GPS11,2009-06-30 10:00:00,24568436.601387296,-9529037.87017513,-1145019.3590973318
GPS11,2009-06-30 11:59:44,-25509501.15864111,-1705616.2053329858,7615817.314888257
GPS11,2009-06-30 12:00:00,25259967.572885472,-6983469.748646812,2717552.5392539576
GPS11,2009-06-30 13:59:44,-23730882.621777456,-4933578.862703566,11003102.326804927
GPS11,2009-06-30 16:00:00,22758888.918837517,-12356421.321949352,4772102.7447564835
GPS11,2009-06-30 18:00:00,7943560.5115299225,16526263.427685492,-19455263.425061524
GPS11,2009-06-30 20:00:00,-7107826.538221446,-17920514.915613953,17985660.76680238
GPS11,2009-06-30 22:00:00,9062778.601439303,-22666168.816734456,9814424.21055342
GPS12,2009-06-30,2127271.893142395,19156673.84307748,-18149323.884285744
GPS12,2009-06-30 02:00:00,16623338.52645681,14134669.466087919,15102826.058382383
GPS12,2009-06-30 04:00:00,-2066509.3822411962,12779208.288931832,-23107957.651961908
GPS12,2009-06-30 06:00:00,13019196.782897081,21243377.50649685,-8957695.186224943
GPS12,2009-06-30 08:00:00,-10757589.164929135,-20087071.4191348,13814198.839465652
GPS12,2009-06-30 10:00:00,14332198.264039408,20852449.04893173,-7800812.066092364
GPS12,2009-06-30 11:59:44,-19387271.41182127,-14886808.414404683,-10485060.185572198
GPS12,2009-06-30 12:00:00,6225017.754724769,20426053.15709105,-15648333.946333332
GPS12,2009-06-30 13:59:44,14461080.853635743,21839847.889441766,-3906408.002009248
GPS12,2009-06-30 16:00:00,-13598205.028679084,-21721465.576749317,7284780.0957615785
GPS12,2009-06-30 18:00:00,-17546702.45785744,-19979347.072769865,1480039.2321772762
GPS12,2009-06-30 20:00:00,-5545776.306616858,11981804.59442795,-22970303.278583426
GPS12,2009-06-30 22:00:00,15379636.0677849,8457626.06200778,19936794.120723195
GPS13,2009-06-30,24077550.698867165,-9119175.685055567,6370800.000049829
GPS13,2009-06-30 02:00:00,-2210608.199827534,19782024.89928201,17443543.698034383
GPS13,2009-06-30 04:00:00,-4942738.608534311,20847900.14149852,15548103.736324487
GPS13,2009-06-30 06:00:00,19750114.226078257,7836718.664915052,15779191.975928308
GPS13,2009-06-30 08:00:00,25354694.615075763,-4731991.471472376,6160530.626647995
GPS13,2009-06-30 09:59:44,-630959.7039269665,-21578358.936786592,-15651759.477129713
GPS13,2009-06-30 10:00:00,-22255226.564354926,-7644523.058577088,-12503410.377983944
GPS13,2009-06-30 11:59:44,10537142.465988155,18003085.82192291,16262775.411968358
GPS13,2009-06-30 14:00:00,-16355136.083996568,-11807672.658772849,-17436138.81696168
GPS13,2009-06-30 16:00:00,-21199494.75402503,14965545.246104844,5544425.908774717
GPS13,2009-06-30 18:00:00,-11790987.543591073,-11375801.260084888,-21042432.817168705
GPS13,2009-06-30 20:00:00,13151597.884234821,-16463893.919080682,-16297520.43745766
GPS13,2009-06-30 22:00:00,13241174.89535904,10711600.781143745,20243955.77228071
GPS14,2009-06-30,9451706.799143838,11675168.617319873,22011940.116075367
GPS14,2009-06-30 02:00:00,-1355123.9119670484,17309290.705366246,20255416.453938324
GPS14,2009-06-30 04:00:00,9398983.604584582,-20570377.05334455,-13699746.01529935
GPS14,2009-06-30 06:00:00,-19023901.67744583,17054356.361947466,7638149.990132254
GPS14,2009-06-30 08:00:00,12226859.17481219,17693833.770307932,15712349.96309198
GPS14,2009-06-30 10:00:00,20198756.695825066,-15300344.221333198,-7594786.346911233
GPS14,2009-06-30 12:00:00,5305016.373566095,18655212.512231696,18299564.6816518
GPS14,2009-06-30 13:59:44,10896345.970124006,-19644696.52475513,-13944391.613603411
GPS14,2009-06-30 14:00:00,-16848035.44838995,-11433274.597430672,-16956634.75732362
GPS14,2009-06-30 15:59:44,-21734223.588352717,13690883.691262135,7126388.76195889
GPS14,2009-06-30 18:00:00,21774211.167052772,5295324.924901056,14291614.694229659
GPS14,2009-06-30 20:00:00,24783759.25722488,-8479494.010256842,-3842493.520462693
GPS14,2009-06-30 22:00:00,9686506.13259219,14212800.490703607,20344355.071976036
GPS15,2009-06-30,15658836.828427766,13227230.809964646,16943359.40791393
GPS15,2009-06-30 02:00:00,19466169.57217053,12679921.083153833,12950228.556694504
GPS15,2009-06-30 04:00:00,23773672.713013418,-8026671.895169642,-8775380.51074473
GPS15,2009-06-30 06:00:00,-11885375.898339774,-18045104.395046707,-15392502.576699805
GPS15,2009-06-30 08:00:00,21077534.033756454,13177773.306492476,9462896.48206643
GPS15,2009-06-30 09:59:44,22377762.98405319,12068516.994128117,7815648.14833166
GPS15,2009-06-30 10:00:00,24090006.688991405,9612199.87978196,5896556.500185278
GPS15,2009-06-30 11:59:44,-26402329.747805707,-2498281.540933631,553066.1734108854
GPS15,2009-06-30 14:00:00,-4204506.541946413,-18527863.566001926,-18525197.92019839
GPS15,2009-06-30 16:00:00,-16603469.077231625,13374946.95178255,15829603.58760787
GPS15,2009-06-30 18:00:00,-7815210.085522042,15619079.060180483,20023076.541169424
GPS15,2009-06-30 20:00:00,-23443546.761253413,5677551.000119516,11067659.667321395
GPS15,2009-06-30 22:00:00,-25394875.796244334,-5282072.891653243,-5534755.741678011
GPS16,2009-06-30,5953236.690532991,-11335487.893036406,23345240.774822414
GPS16,2009-06-30 02:00:00,16802747.039449275,18558503.06478964,8530957.913595203
GPS16,2009-06-30 04:00:00,10902581.01829383,22014739.18116645,-9715038.544673342
GPS16,2009-06-30 05:59:44,8163247.437124871,19638802.25932202,-15684366.714132044
GPS16,2009-06-30 06:00:00,11223397.42293928,21236627.464896742,-10999035.937339446
GPS16,2009-06-30 07:59:44,13248284.170366412,-268017.8466343739,23012805.140653346
GPS16,2009-06-30 10:00:00,14975268.49533196,573595.3400673874,21909376.026653733
GPS16,2009-06-30 12:00:00,5112298.92268268,-10922470.634652374,23737964.774614252
GPS16,2009-06-30 14:00:00,-10480630.2006611,4953802.48199424,-23863446.8190669
GPS16,2009-06-30 16:00:00,-6651138.0972882835,12287738.016291222,-22503799.25133024
GPS16,2009-06-30 18:00:00,19062815.929416955,17071918.193541124,6666211.982485717
GPS16,2009-06-30 20:00:00,2695588.178715733,19777109.30869799,-17337015.01020353
GPS16,2009-06-30 22:00:00,-19388184.292160623,-15755040.17191467,-9326508.187653355
GPS17,2009-06-30,-25991685.229299724,4738427.350420595,1475791.3640499464
GPS17,2009-06-30 02:00:00,26286232.962217387,-147930.52720448183,-4359171.025305784
GPS17,2009-06-30 04:00:00,26061898.01961669,-5609587.968930675,710376.4722812771
GPS17,2009-06-30 05:59:44,-924169.4230983316,-17469595.13852134,20075270.13315209
GPS17,2009-06-30 06:00:00,-5120875.764125703,17669846.401482686,-19033636.392407723
GPS17,2009-06-30 07:59:44,20019660.042269226,9674159.756502615,-14581533.51074591
GPS17,2009-06-30 10:00:00,-26162524.380147725,3862145.076350368,781083.1006218474
GPS17,2009-06-30 12:00:00,20726379.878907297,8443578.862423018,-14353117.991205992
GPS17,2009-06-30 14:00:00,-24052441.214378737,10845460.648869999,-1857100.4731945773
GPS17,2009-06-30 16:00:00,25669167.119051594,-1219942.2844259008,-6998554.5811697
GPS17,2009-06-30 18:00:00,-21662782.054907795,-11239128.551257428,10385267.778015833
GPS17,2009-06-30 20:00:00,-18584389.65349044,16148006.35052969,-9645190.17353105
GPS17,2009-06-30 22:00:00,-24789318.60201349,8654198.760835087,-3147744.0051295636
GPS18,2009-06-30,-12439687.322593277,9132906.52064344,21826552.463182606
GPS18,2009-06-30 02:00:00,17908702.049684748,16172400.900867412,-10415546.831488611
GPS18,2009-06-30 04:00:00,18509431.577508125,-7611453.197665533,-17264806.521304574
GPS18,2009-06-30 06:00:00,-20319275.094561633,-2157959.630921195,17291497.477957454
GPS18,2009-06-30 08:00:00,-8934818.546579275,21769155.192864414,12219197.650887743
GPS18,2009-06-30 09:59:44,7699897.999206237,24866503.305729162,4356724.115806518
GPS18,2009-06-30 10:00:00,-18452646.62513477,-796197.2747059492,19425020.68370776
GPS18,2009-06-30 11:59:44,15753533.834784357,6728530.026853181,-19954026.509241503
GPS18,2009-06-30 14:00:00,11291676.89698623,-2219890.0369257284,-23711846.434107397
GPS18,2009-06-30 16:00:00,10444088.90787321,18282123.542497035,-15724246.853993095
GPS18,2009-06-30 18:00:00,-1686611.1423892605,-26445427.633023296,-3544727.2510728976
GPS18,2009-06-30 20:00:00,-9768615.278508326,14525887.861429758,20063724.30362646
GPS18,2009-06-30 22:00:00,-17466366.845225155,-10863121.004572347,17242593.92840545
GPS19,2009-06-30,18377779.649411544,15009495.222156178,-11656300.522891253
GPS19,2009-06-30 01:59:44,-24316635.66313136,10767863.364420282,-2325974.270502575
GPS19,2009-06-30 02:00:00,15360902.923360856,13146287.570504926,-17064403.77508901
GPS19,2009-06-30 03:59:44,-3513445.554664515,-18233486.297943726,19045094.726176042
GPS19,2009-06-30 06:00:00,11537202.954372756,-16664818.99521809,17105527.401640724
GPS19,2009-06-30 08:00:00,24764022.999209788,-8031659.82299878,4574122.093881899
GPS19,2009-06-30 10:00:00,-26062404.59432925,250030.81476961507,5848958.509275864
GPS19,2009-06-30 12:00:00,21636081.40374167,8249972.154038916,-12731335.506538533
GPS19,2009-06-30 14:00:00,21032651.641649704,7359455.7849538075,-14209267.330277367
GPS19,2009-06-30 16:00:00,-12645762.195036909,18573049.643826853,-14266268.30764712
GPS19,2009-06-30 18:00:00,24532397.55129826,2990304.8423483227,-9317098.097074278
GPS19,2009-06-30 20:00:00,-12469351.94867373,21141034.421750948,-10269324.686797045
GPS19,2009-06-30 22:00:00,-25944621.157527916,6259565.91567348,-757083.4273316342
GPS20,2009-06-30,16482313.399940696,-6909524.567275437,-19781820.559535712
GPS20,2009-06-30 01:59:44,-18275084.211945076,-10706823.302407322,15862767.0773628
GPS20,2009-06-30 02:00:00,18862418.31289224,-2542041.7251247233,-18670341.08483025
GPS20,2009-06-30 03:59:44,-16628476.340743085,-14949885.67838984,14163220.900061378
GPS20,2009-06-30 06:00:00,-12679922.376794193,16668995.484567882,16212957.370366644
GPS20,2009-06-30 08:00:00,-3815685.1369156744,23706696.55335178,11257279.385609798
GPS20,2009-06-30 10:00:00,1724212.5737277085,26214333.833856516,3912417.1409635167
GPS20,2009-06-30 12:00:00,-9618126.026943514,-22889597.99526704,9259796.838995771
GPS20,2009-06-30 14:00:00,11871432.990118735,-7429480.050721453,-22679241.593834784
GPS20,2009-06-30 16:00:00,13851208.224523358,9402650.644739114,-20748027.362121064
GPS20,2009-06-30 18:00:00,8831497.333992494,-14214335.243930396,-20727115.084267095
GPS20,2009-06-30 20:00:00,9015922.597336711,24893719.422020752,-2460971.5159678413
GPS20,2009-06-30 22:00:00,-8736271.626271205,-24918261.147674933,-2766664.7423602426
GPS21,2009-06-30,13277732.351170633,11534685.37777603,-19544490.22539057
GPS21,2009-06-30 02:00:00,-20362420.092965078,-4815312.116147055,16391763.593488004
GPS21,2009-06-30 04:00:00,-17878970.407047685,19081179.335855346,-1514743.94250951
GPS21,2009-06-30 05:59:44,-20744681.224382296,7870298.423075112,14405329.846030768
GPS21,2009-06-30 06:00:00,4068361.084395262,-22807230.583012808,13797716.300426342
GPS21,2009-06-30 07:59:44,12791911.889493417,8086622.367411596,-21506270.436915338
GPS21,2009-06-30 10:00:00,4545843.0804071175,-23029231.06592124,13279917.645292519
GPS21,2009-06-30 12:00:00,17234638.67591,-13859869.799803002,-14937995.877051743
GPS21,2009-06-30 14:00:00,17359251.78711489,-712252.1128661614,-20049351.19041222
GPS21,2009-06-30 16:00:00,-20868416.597278472,11638351.041956255,11227500.141438494
GPS21,2009-06-30 18:00:00,20658514.419582926,-8558658.549914755,-14450973.42153756
GPS21,2009-06-30 20:00:00,-8972742.218993763,24428750.50555625,3443915.930913992
GPS21,2009-06-30 22:00:00,2510607.960553807,-26149473.8902057,6037693.756024199
GPS22,2009-06-30,18218718.827314243,2208112.130871866,-19012517.86076451
GPS22,2009-06-30 01:59:44,15632386.884338876,20721779.70948371,-5254253.944744185
GPS22,2009-06-30 02:00:00,-19929945.628228635,-10466218.009742634,14327577.833015557
GPS22,2009-06-30 03:59:44,-9755324.06497534,-24663097.31899453,2261955.917903976
GPS22,2009-06-30 06:00:00,7202320.176483372,24800777.921140753,-5842399.012664296
GPS22,2009-06-30 08:00:00,-7083266.149188694,-24807664.217447378,6656625.80384928
GPS22,2009-06-30 10:00:00,-15263181.576235691,5547427.534679796,21174469.090326037
GPS22,2009-06-30 12:00:00,-9106497.576380998,17122014.058687024,18280402.152287018
GPS22,2009-06-30 14:00:00,-10523190.621494573,-23979784.847112007,4826204.973404942
GPS22,2009-06-30 16:00:00,4149276.7044287557,25399470.636702746,6538657.053828914
GPS22,2009-06-30 18:00:00,923803.8467344453,-24406720.90342581,-10388010.379327672
GPS22,2009-06-30 20:00:00,5851195.143767568,-20736070.821810506,-15432052.409567825
GPS22,2009-06-30 22:00:00,-10826685.791839734,10086781.771661067,22193123.724004373
GPS23,2009-06-30,-18121790.37698518,15367563.034003137,12095550.886034183
GPS23,2009-06-30 02:00:00,-24574132.438177377,-4022369.242152596,-9686428.152003948
GPS23,2009-06-30 04:00:00,-11549472.132445725,-15253826.701294307,-18537116.91602996
GPS23,2009-06-30 06:00:00,-25955862.343070988,-594452.3549114809,-6340611.939414562
GPS23,2009-06-30 08:00:00,2233548.546012013,-20637111.767137986,-16574127.003136959
GPS23,2009-06-30 10:00:00,619728.744500506,21791411.238623925,15095654.016514758
GPS23,2009-06-30 12:00:00,16551435.07229308,-17191500.595934495,-11488107.971490927
GPS23,2009-06-30 14:00:00,-6204315.229348492,18198122.16444526,18330340.793568134
GPS23,2009-06-30 16:00:00,833695.6285161562,16769609.91086034,20547385.495193448
GPS23,2009-06-30 18:00:00,14903135.314111367,11528285.387684159,18548663.690821227
GPS23,2009-06-30 20:00:00,-1869017.4263871417,14662137.371315664,22035807.721142784
GPS23,2009-06-30 21:59:44,16624381.160518646,-11848025.280269392,-16881928.662913714
GPS23,2009-06-30 23:00:00,25887035.17691529,2021270.4908229846,4731084.777794115
GPS23,2009-06-30 23:59:44,10329223.609999694,15655496.551612517,18679216.864347808
GPS24,2009-06-30,-19356938.09690794,4012392.856493028,17960668.93360845
GPS24,2009-06-30 02:00:00,26330.08953781827,-22898683.60204175,13381622.936732393
GPS24,2009-06-30 03:59:44,-18678188.795393515,8477982.952860218,17142178.805950448
GPS24,2009-06-30 04:00:00,4617782.88336642,18030138.089747768,-18915017.09123731
GPS24,2009-06-30 05:59:44,-6170908.446926845,24304018.97231696,-9007085.099044966
GPS24,2009-06-30 08:00:00,-17857987.320283778,9590815.94764752,17421558.83066203
GPS24,2009-06-30 10:00:00,14974039.99908914,649391.9451494636,-21771355.51462032
GPS24,2009-06-30 12:00:00,-14224779.088855699,6358747.253108786,21695027.359017488
GPS24,2009-06-30 14:00:00,-14361730.6270223,17169542.19164426,14623160.643345527
GPS24,2009-06-30 15:59:44,14077148.147953508,657643.044796922,-22359452.548133355
GPS24,2009-06-30 16:00:00,-358039.7012200165,22868628.02738542,-13598437.496619878
GPS24,2009-06-30 17:59:44,3535944.64093695,-24330963.130104173,9836764.0011605
GPS24,2009-06-30 20:00:00,13986022.547925288,12807786.68732723,-18532807.64528808
GPS24,2009-06-30 22:00:00,9124571.713636074,22891492.767579142,-10043251.71507732
GPS25,2009-06-30,-1181994.8081184267,20823433.13633388,16595511.846413564
GPS25,2009-06-30 02:00:00,4749716.304417082,-250022.93573810603,26425269.3958352
GPS25,2009-06-30 04:00:00,-10066676.91109885,23646672.89708652,6572694.148471631
GPS25,2009-06-30 05:59:44,12676457.980798613,-23004099.459105868,4890614.655147986
GPS25,2009-06-30 06:00:00,12389263.35821266,-23350671.724973362,3799132.550202814
GPS25,2009-06-30 07:59:44,-7037547.6905484665,22873520.614805594,-10985583.156306773
GPS25,2009-06-30 10:00:00,-12962278.201016862,-3310993.4576873863,-22633973.37611731
GPS25,2009-06-30 12:00:00,4469598.387823208,22845536.254704364,12943794.169584822
GPS25,2009-06-30 14:00:00,-12083591.2580052,23227958.405418083,4092495.12146479
GPS25,2009-06-30 16:00:00,-1505671.3951883102,19552322.69434878,18127745.971820477
GPS25,2009-06-30 18:00:00,-9675061.923798554,-5266402.124753071,-23862055.36674418
GPS25,2009-06-30 20:00:00,6333079.012470567,-25593579.624407403,4299510.5683717
GPS25,2009-06-30 22:00:00,-4094470.852467911,26113543.202374566,-722457.7014572661
GPS26,2009-06-30,-24785657.031548463,7173096.35139237,4527909.368085276
GPS26,2009-06-30 02:00:00,26177790.29731672,-5556861.100800014,1543526.3807248406
GPS26,2009-06-30 04:00:00,4142701.3966648323,18718021.183120627,17670440.01801153
GPS26,2009-06-30 06:00:00,11041922.278672434,16357632.063729843,17047520.01078564
GPS26,2009-06-30 08:00:00,-21935777.31286993,1310325.8554723167,-15214639.303544102
GPS26,2009-06-30 10:00:00,22690359.085469045,-14341518.096834578,-1561171.5912485027
GPS26,2009-06-30 11:59:28,-26281514.314825688,-130625.66740244195,-1364554.5374280857
GPS26,2009-06-30 12:00:00,-26179023.156951904,-1474524.786021756,-2617274.9052006584
GPS26,2009-06-30 13:59:28,11269878.260240909,18435697.359453592,14892019.019668026
GPS26,2009-06-30 16:00:00,-9587792.829648722,18667369.829429016,15410069.297151778
GPS26,2009-06-30 18:00:00,23189371.754689764,-5165715.299125517,11769436.436643137
GPS26,2009-06-30 20:00:00,-20373211.25260165,16092757.117377866,3634003.8967634584
GPS26,2009-06-30 22:00:00,24065424.077071194,-4408409.534330123,10440069.692662649
GPS27,2009-06-30,-7774083.303064509,-13824948.8414271,-20704367.028886486
GPS27,2009-06-30 02:00:00,4118937.7514570826,24412126.44149577,10202918.653343868
GPS27,2009-06-30 04:00:00,3290276.927443708,-15044384.236627331,22210801.101524573
GPS27,2009-06-30 06:00:00,3637049.7828649688,-14431179.073490871,-21419255.47416449
GPS27,2009-06-30 08:00:00,15644944.430668058,-10024019.560586134,19601665.1452743
GPS27,2009-06-30 10:00:00,-9536010.3093684,-12602091.058188912,-20665120.275176577
GPS27,2009-06-30 12:00:00,-10713052.793922618,-20440139.775266543,-12437794.928034354
GPS27,2009-06-30 14:00:00,3641299.1550857997,26058079.93937881,4281887.533633852
GPS27,2009-06-30 15:59:28,8174475.038059413,-12027446.091566166,22832436.1201413
GPS27,2009-06-30 16:00:00,7458575.858649919,-14588764.266332347,21509766.95428388
GPS27,2009-06-30 17:59:28,-14784879.694472058,9896565.499360071,-19119588.884550657
GPS27,2009-06-30 20:00:00,7704550.664662032,7104731.967362599,25020451.54491571
GPS27,2009-06-30 21:59:44,-509190.05383166205,-16106823.006096523,-20502552.307288967
GPS27,2009-06-30 22:00:00,8180050.486937245,5828267.959387911,25198838.264300387
GPS27,2009-06-30 23:59:44,9312146.789565234,19224637.230002746,16405908.417001113
GPS28,2009-06-30,-21518123.76034,-11393903.88042407,-9807414.097255472
GPS28,2009-06-30 02:00:00,-17363256.774085745,-8983478.178598482,-17424563.43282052
GPS28,2009-06-30 04:00:00,16860242.455020603,12538322.276030513,16839930.416071843
GPS28,2009-06-30 06:00:00,-11591903.083209036,-5168271.593416242,-22881078.060997613
GPS28,2009-06-30 08:00:00,7261862.620768109,-11926510.866280962,22934964.18688204
GPS28,2009-06-30 09:59:44,17851470.60068681,19439712.47815578,-3843721.8484797943
GPS28,2009-06-30 10:00:00,-11975428.347156923,-18803618.697270032,14545243.920812836
GPS28,2009-06-30 11:59:44,3686682.53588128,13066677.51897946,-22512397.653537493
GPS28,2009-06-30 14:00:00,19747984.606619503,1918434.1238982459,18224972.44452027
GPS28,2009-06-30 16:00:00,18208469.858693324,19115479.85622318,4622336.384107004
GPS28,2009-06-30 18:00:00,-7993292.455254696,14932811.013441855,-20125088.282234054
GPS28,2009-06-30 20:00:00,16222058.59671685,16789413.805515394,13377674.023967477
GPS28,2009-06-30 22:00:00,-9714016.803458374,3175344.179005087,-24099165.029924605
GPS29,2009-06-30,-22352624.334551778,12549129.341915872,-6891313.4355145665
GPS29,2009-06-30 02:00:00,6968548.116701677,18550476.875948537,-17550284.47551145
GPS29,2009-06-30 04:00:00,19407718.258412015,-14278567.892533898,11256879.898784
GPS29,2009-06-30 06:00:00,5351715.953551114,-19910326.213589083,16856739.106031094
GPS29,2009-06-30 08:00:00,-13668026.922270712,-13890859.752283107,18177930.674427927
GPS29,2009-06-30 10:00:00,23691833.694421522,-11017326.710052023,4749735.205484272
GPS29,2009-06-30 11:59:44,-8725083.88792432,-14554735.704773005,20549027.775852934
GPS29,2009-06-30 12:00:00,-21221319.819156863,12645754.899650875,-9701830.409779154
GPS29,2009-06-30 13:59:44,12011207.457126241,-18911215.702253647,14364427.17028026
GPS29,2009-06-30 16:00:00,-16344860.907911465,17985628.197623704,-10607608.147002997
GPS29,2009-06-30 18:00:00,21507611.14867646,10738831.35305619,-11103419.614804242
GPS29,2009-06-30 20:00:00,-26234950.458936244,2186526.1877784776,3844975.443085259
GPS29,2009-06-30 21:59:44,-6782121.925442948,21896091.884674907,-13290104.823438952
GPS29,2009-06-30 22:00:00,17796280.339569032,14242849.2663337,-13462618.249376364
GPS29,2009-06-30 23:59:44,4217037.641114898,-21295362.189572997,15437140.707353603
GPS30,2009-06-30,15013549.721675977,13192999.22804062,17114435.751051363
GPS30,2009-06-30 02:00:00,12571489.566984622,7612474.301387106,21775178.32508862
GPS30,2009-06-30 04:00:00,-5042.781669297733,-21541000.787917428,15276639.14981016
GPS30,2009-06-30 05:59:44,-5931138.037149288,-25910043.5831008,761252.1798598256
GPS30,2009-06-30 06:00:00,10283889.978279319,20779837.07615259,12546192.903053975
GPS30,2009-06-30 08:00:00,-12220023.267663762,-11625622.108465966,-20872025.403053172
GPS30,2009-06-30 10:00:00,2450239.52274491,16523964.720796207,-20947796.567241225
GPS30,2009-06-30 12:00:00,1204767.8235932675,-13871680.371041233,22301360.16913142
GPS30,2009-06-30 14:00:00,17477637.513281792,7376145.669577404,18198377.215197593
GPS30,2009-06-30 16:00:00,-13653539.992370268,-6384507.282058891,-22231858.321344376
GPS30,2009-06-30 18:00:00,-8103484.057483867,15559208.785655811,-20263713.774498995
GPS30,2009-06-30 20:00:00,14871980.95263562,16208777.416659212,14483425.067222618
GPS30,2009-06-30 22:00:00,-11507785.316213468,4495683.233313717,-23857856.67448341
GPS31,2009-06-30,4023616.3736828356,4470751.311180425,26034978.84421018
GPS31,2009-06-30 02:00:00,11035877.413902089,-15442857.634403965,18831253.06644293
GPS31,2009-06-30 04:00:00,-6331704.090018085,19217685.0570976,-16942556.50344073
GPS31,2009-06-30 06:00:00,-8637172.336672677,-5611793.965364739,-24320817.650965728
GPS31,2009-06-30 07:59:44,4837818.788539377,21577637.227353025,14781441.498199197
GPS31,2009-06-30 08:00:00,-8680758.058099253,-10705272.219781213,-22557324.921809677
GPS31,2009-06-30 10:00:00,-8876093.83931019,24642927.447024636,-3731359.9768035533
GPS31,2009-06-30 12:00:00,3443438.7464811783,19901723.72285111,17354869.67558483
GPS31,2009-06-30 14:00:00,10623442.35618859,-23994491.99570853,4775220.087659645
GPS31,2009-06-30 16:00:00,11843512.341378633,11459627.950375386,20992606.782927837
GPS31,2009-06-30 18:00:00,11991502.104487276,-14236053.5633529,19202754.811660267
GPS31,2009-06-30 20:00:00,-7897992.7814105265,-1803954.5639906498,-25122210.535214268
GPS31,2009-06-30 22:00:00,-4614035.058492772,25492748.59000371,5675462.243104583
GPS32,2009-06-30,18698533.441070136,12011075.74224587,-14268440.212682458
GPS32,2009-06-30 02:00:00,2998228.6864344473,-21178729.339069538,-15157398.414955504
GPS32,2009-06-30 03:59:44,15989422.503360342,-11984630.051769434,-17031304.82566518
GPS32,2009-06-30 04:00:00,17217175.730930753,20384928.224350378,1606737.0780462371
GPS32,2009-06-30 05:59:44,-20818820.447964516,-16058287.422150262,3003754.3817555476
GPS32,2009-06-30 08:00:00,18980613.58978523,13007167.645246811,-13049482.393847618
GPS32,2009-06-30 10:00:00,-2751872.9937448553,23593860.454617348,12532774.57826661
GPS32,2009-06-30 12:00:00,-6249320.437332313,20199131.463629015,16622087.758470679
GPS32,2009-06-30 14:00:00,-18247094.039189544,-18543997.93882676,4976837.280953045
GPS32,2009-06-30 16:00:00,-11471493.052841404,9795357.941389536,22247314.322878804
GPS32,2009-06-30 18:00:00,2601610.0248620734,-11961528.814873936,-23181930.841793705
GPS32,2009-06-30 20:00:00,15911788.298570244,14902373.603707133,-15015588.856936952
GPS32,2009-06-30 22:00:00,6380046.943635186,-11165958.67126784,-22842234.4431945
